text,rephrased_text
The article is about why you shouldn't ski alone.,The article discusses the dangers of skiing alone and recommends against the practice.
"It's a picture of a man standing in front of a mirror. The man is wearing a black suit and a white shirt. He has short black hair and a beard. He is looking at the camera with a serious expression.","A black and white photo of a man wearing a suit and tie, standing in front of a mirror. He has a serious expression on his face."
"The first design has a higher resolution and is more detailed. The second design is more simplistic and has a lower resolution.","The first design is more detailed and has a higher resolution than the second design, which is more simplistic and has a lower resolution."
"The courage and persistence of the Ukrainian people will never be forgotten.","The world will always remember the bravery and determination of the Ukrainian people."
"The Council of Europe member states established the European Convention on Human Rights in 1950.","The European Convention on Human Rights was established in 1950 by the member states of the Council of Europe."
"Create a Python program that prints ""Hello, world!"" to the console.","Write a Python program to display ""Hello, world!"" on the console."
"The chicken is cooked using a special cooking process.","The chicken is cooked with a unique process."
"Generate LinkedIn post for 800-page book.","Create a LinkedIn post promoting an 800-page book."
"Why is the sky blue?","What is the reason for the blue color of the sky?"
"the main purpose of the text is to help people understand the concept of ""brotherhood"" and how it relates to being a good neighbor.","the main purpose of the text is to help people understand the idea of ""brotherhood"" and how it connects to being a good neighbor."
What is the relationship between art and technology?,How do art and technology interact?
Make your bed every day.,Establish a daily routine of tidying your bed.
"The quick brown fox jumped over the lazy dog.","The swift, brown fox leaped over the indolent canine."
The humble beginnings of the renowned scientist began with a thirst for knowledge.,"As a young aspiring scientist, the renowned scientist's journey began with an unquenchable thirst for knowledge."
The new product is amazing. It has a lot of features that are not available in other products.,The recently released product boasts an array of unique features that set it apart from its competitors.
"I am so happy to finally be able to share my new product with you! I have been working on it for months, and I am so proud of how it turned out.",I'm excited to announce the launch of my new product that I've been developing for the past few months. I'm thrilled with the outcome and can't wait to share it with you.
This is a really good movie.,I highly recommend this movie.
a person of the male sex,a man
We can all agree that the current system is not working.,It is undeniable that the present system is ineffective.
The man is walking in the park.,A man ambles through the verdant expanse of the park.
The current economic situation is complex and challenging.,The present financial climate presents complexities and difficulties.
The 2023 Mazda CX-30 is the best compact SUV on the market.,The 2023 Mazda CX-30 stands out as an exceptional compact SUV in the market.
The U.S. government has long been concerned about the threat of terrorism.,The United States government has been worried about terrorism for a long time.
"""The United Way of Greater St. Louis provides a variety of services to the community, including financial assistance, health care, and education.""","""The United Way of Greater St. Louis offers a range of support services to the community, such as financial aid, healthcare assistance, and educational programs."""
Provide a detailed description of the process of creating a website.,Explain the step-by-step process of building a website.
"I'm looking for a restaurant that serves Italian food.",I'd like to find an Italian restaurant.
The car was damaged during the storm.,The storm caused damage to the car.
"We are excited to announce the launch of our new product, the Sindex 36. This innovative device is designed to help you organize and manage your digital life. With Sindex 36, you can easily find and access all of your important files, photos, and videos, no matter where they are stored.","Introducing Sindex 36, the revolutionary solution for streamlining your digital world. Its cutting-edge design empowers you to effortlessly locate and retrieve all your crucial files, images, and videos, regardless of their storage location."
The critical care of patients with COVID-19 is challenging due to the complex clinical presentation and the lack of specific antiviral treatment.,Taking care of patients with COVID-19 in critical condition is difficult because of the complicated clinical presentation and the lack of specific antiviral treatment.
This is a great product. I would definitely recommend it to anyone.,I highly endorse this product and believe it's a worthwhile investment for anyone.
Let's talk about the latest news.,I'd like to discuss the most recent news.
Text: The curfew will be lifted from tomorrow.,The curfew will no longer be in effect starting tomorrow.
We appreciate your patience and understanding as we continue to work on our systems.,"We're still working on our systems, so thank you for being patient and understanding."
The following is a good example of a rephrased text.,This is a prime example of a rephrased text.
It's really important to understand the terms and conditions before signing any contract.,Make sure you fully comprehend the terms and conditions before signing any contracts.
I saw a man biking down the street.,A male individual was observed cycling along the thoroughfare.
What is the best way to learn a new language?,What is the most effective approach for acquiring a new language?
I am happy to help you.,It's my pleasure to assist you.
I am going to eat dinner.,I'm about to have dinner.
Is there a best way to rephrase a text?,What is the most effective technique for rephrasing text?
The best way to lose weight is to eat a healthy diet and exercise regularly.,Eating a balanced diet and engaging in physical activity consistently are key components of effective weight management.
Please provide me with a summary of the key points of the article.,Can you please summarize the main ideas of the article for me?
I need to create a list of the things I need to do today.,I need to make a to-do list for today's tasks.
This is a very interesting topic.,This is a topic that is quite captivating.
The food was spicy to the point of being inedible.,The food was too spicy to eat.
The ability to use various languages to communicate more effectively.,"Proficiency in diverse languages, enabling enhanced communication."
"I am traveling to California next week.",My destination for next week's trip is California.
The company's profits have been steadily increasing over the past few years.,The company has experienced consistent growth in its profits over the last several years.
"I'm not sure if I can do that.",I'm afraid I'm unable to complete that task.
The optimal way to achieve your goals is by implementing effective strategies.,"To accomplish your goals, it is crucial to employ strategies that are effective."
"Hello there, how are you doing today?",How are you doing today?
"Horses are herbivores, meaning they eat plants.","Horses are plant-eaters, as they consume vegetation for sustenance."
The new iPhone is coming out soon.,The latest iPhone is expected to be released shortly.
There are many different ways to make money online.,There are numerous avenues for generating income through the internet.
I am a chatbot that can help you with answering questions.,"I am a chatbot, here to help you with your questions."
I am not sure if I understand your question. Could you rephrase it?,I'm not sure what you mean. Can you ask differently?
"In the realm of digital communication, we often encounter a barrage of information that can overwhelm our cognitive abilities. To effectively navigate this digital deluge, it is imperative that we develop strategies to organize and prioritize the information at our disposal. One such strategy is the utilization of a hierarchical structure, a system that arranges information in a logical and structured manner, allowing us to efficiently locate and retrieve the specific knowledge we seek.","To make sense of the massive amounts of information we come across online, we need to find ways to put it in order and decide what's most important. One way to do this is to use a hierarchical structure, which is like a family tree for information. This helps us find what we need quickly and easily."
The new feature will make it easier for users to find the information they need.,"With the new feature, users can now find the information they need with less effort."
"I am a full-stack developer with 5 years of experience in building and maintaining web applications. I am proficient in various programming languages and technologies, including Python, Django, React, and AWS. I am also experienced in agile development methodologies and have a strong understanding of software design principles.","I have 5 years of experience as a full-stack developer, where I have designed, developed, and maintained web applications. I am well-versed in Python, Django, React, and AWS, and I follow agile development methodologies."
I like to play video games.,Video games are an enjoyable pastime for me.
My name is so cool.,My name is quite remarkable.
I got you covered. I can help you with your rephrasing needs.,I can assist you with rephrasing your text.
I was wondering if you could help me with this problem.,Can you lend me a hand with this issue?
We are working on a project to build a new website.,We have begun the process of constructing a website.
"Electronic health records (EHRs) allow healthcare providers to access patient information quickly and easily, which can improve the quality of care.","By enabling healthcare providers to swiftly and effortlessly retrieve patient information, electronic health records (EHRs) contribute to enhanced healthcare quality."
I'm having trouble understanding this concept. Can you explain it in a different way?,The concept is a bit confusing to me. Could you try explaining it in a different manner?
I need to know the process of installing the software on a computer,Can you provide me with the steps involved in installing the software on a computer?
"Although the budget was approved by the board, there were other issues that were not addressed.","The board approved the budget, but there were other outstanding issues."
"Thank you for your email. I have reviewed the attached document and have a few questions.",I've taken a look at the file you sent over and have some questions.
"I just want to say that I'm really sorry for what happened. I know that I made a mistake, and I'm truly regretful for the pain that I caused you. I hope that you can forgive me.",I sincerely apologize for my actions. I acknowledge my error and deeply regret the harm I have inflicted upon you. I earnestly seek your forgiveness.
The share price of Apple Inc. has been on a steady upward trajectory over the past few years.,"Over the past few years, Apple Inc.'s stock price has consistently risen."
"A brief overview of the steps taken to create a website: plan, design, develop, test, and launch.","The process of creating a website encompasses planning, designing, developing, testing, and finally launching it."
This is a great product. I would definitely recommend it to others.,I highly recommend this product to others. It's a great choice.
I am so tired of this job. I wish I could quit and never come back.,"This job has become quite tiring, and I am considering resigning from my position."
I need a refund on this product.,I want my money back for this product.
I am looking for a way to rephrase text.,I am seeking a method to reword text.
Your current password is invalid. Please enter a new password.,The password you entered is incorrect. Please create a new password.
"Hey, I'm sorry but you don't have permission to access this page.",You're not authorized to view this page.
Your session has expired. Please log in again.,You've been logged out. Please log in again.
Please enter a valid email address.,The email address you entered is not valid. Please enter a valid email address.
Your account has been suspended. Please contact support for more information.,We've suspended your account. Get in touch with our support team to learn more.
The file you are trying to upload is too large.,The file you're trying to upload is too big.
The file type is not supported.,We don't support this file type.
